{"_wandb": {"runtime": 77}, "train_loss": 0.9856600400346976, "train_iou": 0.04126895906833502, "val_loss": 0.5173239707946777, "val_iou": 0.052288574928587135, "train_bbox": 0.46626827120780945, "train_rotation": 0.3414551913738251, "train_z": 0.08585252612829208, "train_img_feature": 0.0, "val_bbox": 0.3460415303707123, "val_rotation": 0.08542991429567337, "val_z": 0.17793653905391693, "val_img_feature": 0.0, "lr": 2.08e-06, "_timestamp": 1709134249.433187, "iou_val_1000": 0.04837924682281234, "iou_train_1000": 0.04163454845547676, "iou_val_refine:": 0.048389163545586845, "iou_train_refine:": 0.04165216162800789, "_runtime": 76.4861900806427, "_step": 0}