{"train_loss": 2.5384003084439497, "train_iou": 0.087734481642166, "val_loss": 2.4000967632640493, "val_iou": 0.08888958665457639, "train_bbox": 0.4106377959251404, "train_rotation": 0.2638407051563263, "train_z": 0.23672246932983398, "train_img_feature": 1.6188396215438843, "val_bbox": 0.3367568850517273, "val_rotation": 0.22275522351264954, "val_z": 0.24508234858512878, "val_img_feature": 1.6038621664047241, "lr": 8.32e-06, "_timestamp": 1709110793.0385675, "iou_val_1000": 1.0845537595372748e-11, "iou_train_1000": 8.608389175102094e-12, "iou_val_refine:": 0.02061811690642075, "iou_train_refine:": 0.03308942914009094, "_runtime": 87.35532259941101, "_step": 3, "_wandb": {"runtime": 88}}