{"train_loss": 0.7102300920165502, "train_iou": 0.17631154091885456, "val_loss": 0.9031692526557229, "val_iou": 0.15552028878168625, "train_bbox": 0.08840043842792511, "train_rotation": 0.02567698433995247, "train_z": 0.12693467736244202, "train_img_feature": 0.5511053204536438, "val_bbox": 0.14658434689044952, "val_rotation": 0.07354386150836945, "val_z": 0.04504723846912384, "val_img_feature": 0.5561063885688782, "lr": 4.3423316178965775e-05, "_timestamp": 1709055468.2511742, "iou_val_1000": 0.09511284056034955, "iou_train_1000": 0.1302483081817627, "iou_val_refine:": 0.13622762669216504, "iou_train_refine:": 0.215558722615242, "_runtime": 5627.9534702301025, "_step": 1105, "_wandb": {"runtime": 5647}}