{"train_loss": 1.7004940337859666, "train_iou": 0.13840037519828632, "val_loss": 1.6377603140744297, "val_iou": 0.13165496357462622, "train_bbox": 0.23364368081092834, "train_rotation": 0.09456731379032135, "train_z": 0.13582384586334229, "train_img_feature": 1.2233091592788696, "val_bbox": 0.22374624013900757, "val_rotation": 0.07534924149513245, "val_z": 0.14897391200065613, "val_img_feature": 1.20284104347229, "lr": 6.656e-05, "_timestamp": 1709109377.4054105, "iou_val_1000": 0.0002641853625011372, "iou_train_1000": 0.0006606698734685779, "iou_val_refine:": 0.06350189819931984, "iou_train_refine:": 0.06929457187652588, "_runtime": 232.6030764579773, "_step": 31, "_wandb": {"runtime": 251}}