{"train_loss": 1.9737526671244547, "train_iou": 0.2549237876843948, "val_loss": 1.968513705513694, "val_iou": 0.23333176293156363, "train_bbox": 0.31655988097190857, "train_rotation": 0.08609548956155777, "train_z": 0.12120670825242996, "train_img_feature": 1.45586359500885, "val_bbox": 0.3239438533782959, "val_rotation": 0.07367805391550064, "val_z": 0.11523397266864777, "val_img_feature": 1.4496852159500122, "lr": 4.16e-05, "_timestamp": 1709128886.1761475, "iou_val_1000": 2.0403989932297398e-11, "iou_train_1000": 2.5046655287991326e-12, "iou_val_refine:": 0.07010274075649002, "iou_train_refine:": 0.09110607951879501, "_runtime": 124.0236234664917, "_step": 19}