{"train_loss": 2.2253630195672693, "train_iou": 0.216623132618574, "val_loss": 2.217345216057517, "val_iou": 0.21262219548225403, "train_bbox": 0.37547922134399414, "train_rotation": 0.1675175428390503, "train_z": 0.1628371775150299, "train_img_feature": 1.532240390777588, "val_bbox": 0.3673494756221771, "val_rotation": 0.1608269363641739, "val_z": 0.15012586116790771, "val_img_feature": 1.526331901550293, "lr": 1.4560000000000001e-05, "_timestamp": 1709131480.8534973, "iou_val_1000": 2.0403989932297398e-11, "iou_train_1000": 2.5046655287991326e-12, "iou_val_refine:": 0.07010274075649002, "iou_train_refine:": 0.09110607951879501, "_runtime": 95.13197636604309, "_step": 6}