{"train_loss": 0.9036562465704404, "train_iou": 0.2427148919266004, "val_loss": 2.5379108515652744, "val_iou": 0.14993647553704, "train_bbox": 0.04428410530090332, "train_rotation": 0.007127285469323397, "train_z": 0.718130886554718, "train_img_feature": 0.8361509442329407, "val_bbox": 0.6628767251968384, "val_rotation": 0.2959015369415283, "val_z": 0.016094014048576355, "val_img_feature": 0.86100172996521, "lr": 0.0, "_timestamp": 1709094839.5551336, "iou_val_1000": 0.1066910820928487, "iou_train_1000": 0.560573160648346, "iou_val_refine:": 0.11752601645209572, "iou_train_refine:": 0.5936861634254456, "_runtime": 19796.83065366745, "_step": 3999, "_wandb": {"runtime": 19795}}