{"train_loss": 1.3321258632036357, "train_iou": 0.15260057899957666, "val_loss": 1.3396916275932675, "val_iou": 0.1519356948279199, "train_bbox": 0.2107272446155548, "train_rotation": 0.07904400676488876, "train_z": 0.14477479457855225, "train_img_feature": 0.9016225337982178, "val_bbox": 0.20462602376937866, "val_rotation": 0.08033712953329086, "val_z": 0.14073222875595093, "val_img_feature": 0.9099537134170532, "lr": 9.993498329939195e-05, "_timestamp": 1709110164.8649967, "iou_val_1000": 0.0028718848765225046, "iou_train_1000": 1.1127532673071983e-07, "iou_val_refine:": 0.07146952283524331, "iou_train_refine:": 0.07571843266487122, "_runtime": 314.4281497001648, "_step": 47}