{"train_loss": 0.5561284377024724, "train_iou": 0.13773218721437913, "val_loss": 0.5560163394971327, "val_iou": 0.12967678769068283, "train_bbox": 0.16889961063861847, "train_rotation": 0.06845307350158691, "train_z": 0.11040612310171127, "train_img_feature": 0.21130827069282532, "val_bbox": 0.16766047477722168, "val_rotation": 0.06677524000406265, "val_z": 0.10746748000383377, "val_img_feature": 0.21117451786994934, "lr": 9.999900329517302e-05, "_timestamp": 1709144757.9863417, "iou_val_1000": 0.016206558243456213, "iou_train_1000": 0.01300053484737873, "iou_val_refine:": 0.07549796219576489, "iou_train_refine:": 0.07855319231748581, "_runtime": 281.9904487133026, "_step": 51}