{"train_loss": 0.6560502224243604, "train_iou": 0.26165845345419186, "val_loss": 0.6452478278766979, "val_iou": 0.25234111466191034, "train_bbox": 0.2688142955303192, "train_rotation": 0.06799378246068954, "train_z": 0.10698947310447693, "train_img_feature": 0.2187124639749527, "val_bbox": 0.2619251012802124, "val_rotation": 0.058108679950237274, "val_z": 0.10052964091300964, "val_img_feature": 0.21822459995746613, "lr": 9.999944665747898e-05, "_timestamp": 1709145068.687341, "iou_val_1000": 0.005007394819668579, "iou_train_1000": 0.0017436936032027006, "iou_val_refine:": 0.12183537198738618, "iou_train_refine:": 0.13506156206130981, "_runtime": 284.13875794410706, "_step": 50, "_wandb": {"runtime": 285}}