{"train_loss": 0.6779419155074999, "train_iou": 0.17940640908021194, "val_loss": 1.0343859737569636, "val_iou": 0.14368563822724603, "train_bbox": 0.07268291711807251, "train_rotation": 0.020562229678034782, "train_z": 0.17011931538581848, "train_img_feature": 0.5461679697036743, "val_bbox": 0.18562956154346466, "val_rotation": 0.11453918367624283, "val_z": 0.03852894529700279, "val_img_feature": 0.5640980005264282, "lr": 7.090733450385592e-05, "_timestamp": 1709318947.1540039, "iou_val_1000": 0.10436517948454077, "iou_train_1000": 0.14642058312892914, "iou_val_refine:": 0.1091732457280159, "iou_train_refine:": 0.14921951293945312, "_runtime": 4927.0031588077545, "_step": 755}