{"train_loss": 1.7068944561939974, "train_iou": 0.25015687111478585, "val_loss": 1.6920147158882834, "val_iou": 0.24855320426550778, "train_bbox": 0.2998325824737549, "train_rotation": 0.07497479766607285, "train_z": 0.11036171019077301, "train_img_feature": 1.219307541847229, "val_bbox": 0.30411282181739807, "val_rotation": 0.0736164003610611, "val_z": 0.1127798855304718, "val_img_feature": 1.2039239406585693, "lr": 6.032e-05, "_timestamp": 1709136593.2035847, "iou_val_1000": 3.183244048720663e-11, "iou_train_1000": 6.941804769899917e-11, "iou_val_refine:": 0.069609673185782, "iou_train_refine:": 0.08227445185184479, "_runtime": 152.42721557617188, "_step": 28, "_wandb": {"runtime": 152}}