{"train_loss": 2.1120855533159695, "train_iou": 0.12814240272228533, "val_loss": 2.054914810440757, "val_iou": 0.1194036142392592, "train_bbox": 0.27245602011680603, "train_rotation": 0.16071414947509766, "train_z": 0.15194447338581085, "train_img_feature": 1.5056354999542236, "val_bbox": 0.2650914490222931, "val_rotation": 0.13516201078891754, "val_z": 0.17327959835529327, "val_img_feature": 1.5027167797088623, "lr": 2.288e-05, "_timestamp": 1709111939.8615909, "iou_val_1000": 1.0845537595372748e-11, "iou_train_1000": 8.608389175102094e-12, "iou_val_refine:": 0.02061811690642075, "iou_train_refine:": 0.03308942914009094, "_runtime": 103.04400086402893, "_step": 10}