{"train_loss": 1.164071652178581, "train_iou": 0.148104858942903, "val_loss": 1.1666137196800925, "val_iou": 0.14745672995393927, "train_bbox": 0.1552436202764511, "train_rotation": 0.059853147715330124, "train_z": 0.1001809611916542, "train_img_feature": 0.8520750999450684, "val_bbox": 0.14890657365322113, "val_rotation": 0.062113650143146515, "val_z": 0.09689976274967194, "val_img_feature": 0.8554126024246216, "lr": 9.96745997620514e-05, "_timestamp": 1709143707.547166, "iou_val_1000": 0.04342252168465744, "iou_train_1000": 0.05164852738380432, "iou_val_refine:": 0.07880505445328626, "iou_train_refine:": 0.08222831785678864, "_runtime": 609.971951007843, "_step": 118}