{"train_loss": 0.940146573461019, "train_iou": 0.13557970308913633, "val_loss": 0.9323515350168402, "val_iou": 0.14270158924839713, "train_bbox": 0.16547878086566925, "train_rotation": 0.06640545278787613, "train_z": 0.11053759604692459, "train_img_feature": 0.6011572480201721, "val_bbox": 0.1627693623304367, "val_rotation": 0.05560055375099182, "val_z": 0.10710517317056656, "val_img_feature": 0.60344398021698, "lr": 8.944e-05, "_timestamp": 1709364988.2748618, "iou_val_1000": 0.00043848461108485606, "iou_train_1000": 5.9631402109516785e-06, "iou_val_refine:": 0.00040505519816943803, "iou_train_refine:": 0.0011100070551037788, "_runtime": 296.1859939098358, "_step": 42, "_wandb": {"runtime": 294}}