{"train_loss": 0.8223635565776092, "train_iou": 0.307543576336824, "val_loss": 0.9639204307035967, "val_iou": 0.28753372484987433, "train_bbox": 0.17815859615802765, "train_rotation": 0.031599342823028564, "train_z": 0.0994921401143074, "train_img_feature": 0.5551453828811646, "val_bbox": 0.22719979286193848, "val_rotation": 0.07149510085582733, "val_z": 0.057460203766822815, "val_img_feature": 0.5657334327697754, "lr": 9.170989672458301e-05, "_timestamp": 1709373479.215294, "iou_val_1000": 0.08334045145999301, "iou_train_1000": 0.12205596268177032, "iou_val_refine:": 0.1934809468009255, "iou_train_refine:": 0.3005622625350952, "_runtime": 3835.1335668563843, "_step": 410}