{"train_loss": 1.237746542462936, "train_iou": 0.25455499211182964, "val_loss": 1.2317456873980435, "val_iou": 0.24936821785840121, "train_bbox": 0.29021188616752625, "train_rotation": 0.07392916828393936, "train_z": 0.11944831907749176, "train_img_feature": 0.7606498599052429, "val_bbox": 0.2966308295726776, "val_rotation": 0.0648747906088829, "val_z": 0.11295557767152786, "val_img_feature": 0.7507917284965515, "lr": 5.8240000000000005e-05, "_timestamp": 1709363251.368463, "iou_val_1000": 1.0764641182855776e-09, "iou_train_1000": 2.565603007820272e-10, "iou_val_refine:": 2.210385901459742e-09, "iou_train_refine:": 2.1925643522990867e-09, "_runtime": 198.76220512390137, "_step": 27, "_wandb": {"runtime": 221}}