{"train_loss": 0.4633620401414541, "train_iou": 0.14591094113599795, "val_loss": 0.4683336209167134, "val_iou": 0.1473274366422133, "train_bbox": 0.14044347405433655, "train_rotation": 0.054543763399124146, "train_z": 0.09448572248220444, "train_img_feature": 0.1793142855167389, "val_bbox": 0.1394820511341095, "val_rotation": 0.054067812860012054, "val_z": 0.08906051516532898, "val_img_feature": 0.18029804527759552, "lr": 9.966536924687437e-05, "_timestamp": 1709313790.3056917, "iou_val_1000": 0.03911442716013302, "iou_train_1000": 0.0428822785615921, "iou_val_refine:": 0.0897619209506295, "iou_train_refine:": 0.0996815413236618, "_runtime": 594.0330617427826, "_step": 119, "_wandb": {"runtime": 657}}