{"train_loss": 1.2732550100638316, "train_iou": 0.27704469214838284, "val_loss": 1.3152447505430742, "val_iou": 0.2737690250981938, "train_bbox": 0.2545913755893707, "train_rotation": 0.05838533490896225, "train_z": 0.10383429378271103, "train_img_feature": 0.8614355325698853, "val_bbox": 0.2689083218574524, "val_rotation": 0.0670338049530983, "val_z": 0.09884239733219147, "val_img_feature": 0.875468373298645, "lr": 9.982550522424149e-05, "_timestamp": 1709135375.2912772, "iou_val_1000": 0.03313179618932984, "iou_train_1000": 0.031303923577070236, "iou_val_refine:": 0.14751241559332068, "iou_train_refine:": 0.17465917766094208, "_runtime": 565.7855751514435, "_step": 99, "_wandb": {"runtime": 564}}