{"train_loss": 1.0162060134685957, "train_iou": 0.27201411658181596, "val_loss": 1.0274188789454373, "val_iou": 0.26426930861039594, "train_bbox": 0.2559548318386078, "train_rotation": 0.06222580373287201, "train_z": 0.10612207651138306, "train_img_feature": 0.5968560576438904, "val_bbox": 0.2626000940799713, "val_rotation": 0.054403156042099, "val_z": 0.1011694148182869, "val_img_feature": 0.6042936444282532, "lr": 9.999900329517302e-05, "_timestamp": 1709375927.331492, "iou_val_1000": 8.173181995632913e-05, "iou_train_1000": 5.680064418811526e-07, "iou_val_refine:": 0.12764946100386707, "iou_train_refine:": 0.13945184648036957, "_runtime": 612.7562849521637, "_step": 51}