{"train_loss": 0.8899254449284993, "train_iou": 0.1414820093374986, "val_loss": 0.89055997133255, "val_iou": 0.13195011426102032, "train_bbox": 0.15059714019298553, "train_rotation": 0.06488946825265884, "train_z": 0.10482648760080338, "train_img_feature": 0.5793997049331665, "val_bbox": 0.14506690204143524, "val_rotation": 0.05699167773127556, "val_z": 0.09503915905952454, "val_img_feature": 0.5836749076843262, "lr": 9.997165186985647e-05, "_timestamp": 1709364579.961338, "iou_val_1000": 0.008510995846749707, "iou_train_1000": 0.007705445401370525, "iou_val_refine:": 0.008908093208447099, "iou_train_refine:": 0.001326607191003859, "_runtime": 462.91808009147644, "_step": 68}