{"train_loss": 1.1724342486033072, "train_iou": 0.1461526184844283, "val_loss": 1.1789752461693503, "val_iou": 0.14437080106951974, "train_bbox": 0.15523159503936768, "train_rotation": 0.06196480616927147, "train_z": 0.10577830672264099, "train_img_feature": 0.8551520109176636, "val_bbox": 0.14789001643657684, "val_rotation": 0.06096940487623215, "val_z": 0.1000858023762703, "val_img_feature": 0.8643376231193542, "lr": 9.978287839616627e-05, "_timestamp": 1709138364.9318242, "iou_val_1000": 0.04961292614991015, "iou_train_1000": 0.04791441187262535, "iou_val_refine:": 0.08627032827247273, "iou_train_refine:": 0.10145486891269684, "_runtime": 576.1170752048492, "_step": 105, "_wandb": {"runtime": 576}}