{"train_loss": 1.8070105130855854, "train_iou": 0.1363958462786216, "val_loss": 1.7888714616948909, "val_iou": 0.12991556118835101, "train_bbox": 0.24160349369049072, "train_rotation": 0.09424083679914474, "train_z": 0.1517525315284729, "train_img_feature": 1.3197017908096313, "val_bbox": 0.2461424171924591, "val_rotation": 0.08090575784444809, "val_z": 0.15146461129188538, "val_img_feature": 1.3100709915161133, "lr": 6.032e-05, "_timestamp": 1709109676.7728572, "iou_val_1000": 1.0845537595372748e-11, "iou_train_1000": 8.608389175102094e-12, "iou_val_refine:": 0.02061811690642075, "iou_train_refine:": 0.03308942914009094, "_runtime": 147.97053217887878, "_step": 28}