{"train_loss": 5.464843740830054, "train_iou": 0.09329038747371389, "val_loss": 4.652092977003618, "val_iou": 0.11646396734497765, "train_bbox": 1.2348073720932007, "train_rotation": 1.3890438079833984, "train_z": 0.7490947246551514, "train_img_feature": 1.9671481847763062, "val_bbox": 1.0377486944198608, "val_rotation": 0.9571511745452881, "val_z": 0.8738449215888977, "val_img_feature": 1.9080984592437744, "lr": 2.08e-06, "_timestamp": 1709129664.8292406, "iou_val_1000": 2.0403989932297398e-11, "iou_train_1000": 2.5046655287991326e-12, "iou_val_refine:": 0.07010274075649002, "iou_train_refine:": 0.09110607951879501, "_runtime": 78.1762125492096, "_step": 0}