{"train_loss": 0.4598894915901698, "train_iou": 0.2683341485949663, "val_loss": 0.45933662490411237, "val_iou": 0.27397189086133783, "train_bbox": 0.2765701413154602, "train_rotation": 0.07270294427871704, "train_z": 0.11040055006742477, "train_img_feature": 0.0, "val_bbox": 0.2708003520965576, "val_rotation": 0.07813572883605957, "val_z": 0.11061642318964005, "val_img_feature": 0.0, "lr": 9.360000000000001e-05, "_timestamp": 1709130236.4991539, "iou_val_1000": 0.001019115296416699, "iou_train_1000": 1.6626445358269848e-05, "iou_val_refine:": 0.12090455334294926, "iou_train_refine:": 0.10010308772325516, "_runtime": 260.63060879707336, "_step": 44}