{"train_loss": 0.8169518554439912, "train_iou": 0.15355686363405907, "val_loss": 0.8921163407239047, "val_iou": 0.1562169153581966, "train_bbox": 0.12489472329616547, "train_rotation": 0.050863295793533325, "train_z": 0.09999846667051315, "train_img_feature": 0.5584009885787964, "val_bbox": 0.15443694591522217, "val_rotation": 0.06397078186273575, "val_z": 0.0827927216887474, "val_img_feature": 0.5737100839614868, "lr": 9.835283320444291e-05, "_timestamp": 1709369390.0881855, "iou_val_1000": 0.05646827478300442, "iou_train_1000": 0.05569203197956085, "iou_val_refine:": 0.112338280135935, "iou_train_refine:": 0.10708574205636978, "_runtime": 1949.26749253273, "_step": 207}