{"train_loss": 0.05745374927153954, "train_iou": 0.27250766266997045, "val_loss": 0.14867633852091702, "val_iou": 0.07323281873356212, "train_bbox": 0.024177465587854385, "train_rotation": 0.010570533573627472, "train_z": 0.03537578880786896, "train_img_feature": 0.01304896641522646, "val_bbox": 0.0626513734459877, "val_rotation": 0.03524337708950043, "val_z": 0.009656786918640137, "val_img_feature": 0.01540580578148365, "lr": 0.0, "_timestamp": 1709154995.324775, "iou_val_1000": 0.08197780800136653, "iou_train_1000": 0.48847195506095886, "iou_val_refine:": 0.08200960606336594, "iou_train_refine:": 0.4887257218360901, "_runtime": 9891.701354026794, "_step": 1999, "_wandb": {"runtime": 9890}}