{"train_loss": 0.9436619396393116, "train_iou": 0.051051427252017535, "val_loss": 0.9515029191970825, "val_iou": 0.05119432424279777, "train_bbox": 0.05315573513507843, "train_rotation": 0.02988356724381447, "train_z": 0.02385244145989418, "train_img_feature": 0.8355923295021057, "val_bbox": 0.05100606381893158, "val_rotation": 0.02710064873099327, "val_z": 0.025030450895428658, "val_img_feature": 0.8495436906814575, "lr": 9.982550522424149e-05, "_timestamp": 1709117380.12136, "iou_val_1000": 0.042390884323553604, "iou_train_1000": 0.04219423979520798, "iou_val_refine:": 0.05431522598320788, "iou_train_refine:": 0.0589425154030323, "_runtime": 542.9657609462738, "_step": 99, "_wandb": {"runtime": 541}}