{"train_loss": 0.27086930292157024, "train_iou": 0.1315967570990324, "val_loss": 0.27182538400996814, "val_iou": 0.13165939057415182, "train_bbox": 0.15976257622241974, "train_rotation": 0.028683844953775406, "train_z": 0.024419162422418594, "train_img_feature": 0.059122078120708466, "val_bbox": 0.1572313755750656, "val_rotation": 0.02531787008047104, "val_z": 0.023300809785723686, "val_img_feature": 0.06485697627067566, "lr": 8.112000000000001e-05, "_timestamp": 1709376505.7311094, "iou_val_1000": 0.040216435424306175, "iou_train_1000": 0.04869195818901062, "iou_val_refine:": 0.08093257248401642, "iou_train_refine:": 0.09635203331708908, "_runtime": 548.4700853824615, "_step": 38}