{"train_loss": 1.1349309602609048, "train_iou": 0.03316644584545149, "val_loss": 0.5341662845828317, "val_iou": 0.049721340564164246, "train_bbox": 0.5237334966659546, "train_rotation": 0.42754822969436646, "train_z": 0.08975029736757278, "train_img_feature": 0.0, "val_bbox": 0.3585740923881531, "val_rotation": 0.08584188669919968, "val_z": 0.1836492419242859, "val_img_feature": 0.0, "lr": 2.08e-06, "_timestamp": 1709131253.0144768, "iou_val_1000": 0.04510535164312883, "iou_train_1000": 0.04562895745038986, "iou_val_refine:": 0.04511001435193149, "iou_train_refine:": 0.045777976512908936, "_runtime": 77.84032487869263, "_step": 0}