{"train_loss": 0.8738793088839605, "train_iou": 0.2982594719013342, "val_loss": 0.9853252064098011, "val_iou": 0.29309293221343646, "train_bbox": 0.20183449983596802, "train_rotation": 0.039874281734228134, "train_z": 0.11102955043315887, "train_img_feature": 0.5611448287963867, "val_bbox": 0.23656728863716125, "val_rotation": 0.06482219696044922, "val_z": 0.07102576643228531, "val_img_feature": 0.5729061961174011, "lr": 9.687236567164984e-05, "_timestamp": 1709361848.4875371, "iou_val_1000": 0.07327006655660542, "iou_train_1000": 0.06912524998188019, "iou_val_refine:": 0.07753753492777998, "iou_train_refine:": 0.0672663003206253, "_runtime": 1667.762088060379, "_step": 268}