{"train_loss": 1.907425778416487, "train_iou": 0.13976028747856617, "val_loss": 1.9109946164217861, "val_iou": 0.13305769725279373, "train_bbox": 0.24259349703788757, "train_rotation": 0.09217339754104614, "train_z": 0.15512262284755707, "train_img_feature": 1.4230046272277832, "val_bbox": 0.2548881769180298, "val_rotation": 0.08280237019062042, "val_z": 0.14965441823005676, "val_img_feature": 1.4181815385818481, "lr": 5.2000000000000004e-05, "_timestamp": 1709111491.4839044, "iou_val_1000": 1.0845537595372748e-11, "iou_train_1000": 8.608389175102094e-12, "iou_val_refine:": 0.02061811690642075, "iou_train_refine:": 0.03308942914009094, "_runtime": 140.364399433136, "_step": 24}