{"train_loss": 0.24852634579516375, "train_iou": 0.1111290712769215, "val_loss": 0.23530923507430337, "val_iou": 0.1052777028896592, "train_bbox": 0.1859591007232666, "train_rotation": 0.03465447947382927, "train_z": 0.026985256001353264, "train_img_feature": 0.0, "val_bbox": 0.1788574904203415, "val_rotation": 0.029466502368450165, "val_z": 0.027912789955735207, "val_img_feature": 0.0, "lr": 1.872e-05, "_timestamp": 1709130883.8215206, "iou_val_1000": 0.04510535164312883, "iou_train_1000": 0.04562895745038986, "iou_val_refine:": 0.04511001435193149, "iou_train_refine:": 0.045777976512908936, "_runtime": 98.79516363143921, "_step": 8}