{"train_loss": 1.9941371048872287, "train_iou": 0.25606848829640794, "val_loss": 1.9651469859209927, "val_iou": 0.2544360702688044, "train_bbox": 0.318271279335022, "train_rotation": 0.08351205289363861, "train_z": 0.10683414340019226, "train_img_feature": 1.4776184558868408, "val_bbox": 0.31394413113594055, "val_rotation": 0.06652337312698364, "val_z": 0.11473537981510162, "val_img_feature": 1.477845311164856, "lr": 3.536000000000001e-05, "_timestamp": 1709136758.7021043, "iou_val_1000": 3.183244048720663e-11, "iou_train_1000": 6.941804769899917e-11, "iou_val_refine:": 0.069609673185782, "iou_train_refine:": 0.08227445185184479, "_runtime": 122.5337884426117, "_step": 16, "_wandb": {"runtime": 121}}