{"train_loss": 0.28993360669567037, "train_iou": 0.1848953442218212, "val_loss": 0.6912131336602297, "val_iou": 0.14595217325470664, "train_bbox": 0.06748321652412415, "train_rotation": 0.016204793006181717, "train_z": 0.15656010806560516, "train_img_feature": 0.17376583814620972, "val_bbox": 0.21600501239299774, "val_rotation": 0.1435972899198532, "val_z": 0.03247979283332825, "val_img_feature": 0.175050750374794, "lr": 4.550262124500707e-05, "_timestamp": 1709037850.4269323, "iou_val_1000": 0.10361990603533658, "iou_train_1000": 0.24198682606220245, "iou_val_refine:": 0.13171957433223724, "iou_train_refine:": 0.3184787929058075, "_runtime": 5425.549644231796, "_step": 1079}