{"train_loss": 0.8973319415862744, "train_iou": 0.291040404054981, "val_loss": 0.9540514891797846, "val_iou": 0.26586622947996313, "train_bbox": 0.2095990777015686, "train_rotation": 0.04929850250482559, "train_z": 0.08805433660745621, "train_img_feature": 0.563128650188446, "val_bbox": 0.21797946095466614, "val_rotation": 0.08042062073945999, "val_z": 0.07530542463064194, "val_img_feature": 0.5675970911979675, "lr": 9.845369458355727e-05, "_timestamp": 1709366322.839594, "iou_val_1000": 0.06881269473921169, "iou_train_1000": 0.061921875923871994, "iou_val_refine:": 0.06699470362880013, "iou_train_refine:": 0.07478504627943039, "_runtime": 1305.9718029499054, "_step": 202}