{"train_loss": 0.9824588069548974, "train_iou": 0.27718718937383247, "val_loss": 1.0136351856318386, "val_iou": 0.27118489010767505, "train_bbox": 0.24669548869132996, "train_rotation": 0.05983296036720276, "train_z": 0.09753219038248062, "train_img_feature": 0.5808972716331482, "val_bbox": 0.2540092170238495, "val_rotation": 0.07264372706413269, "val_z": 0.09503323584794998, "val_img_feature": 0.5894500017166138, "lr": 9.994583423097017e-05, "_timestamp": 1709362645.263344, "iou_val_1000": 0.012925854503092441, "iou_train_1000": 0.011264952830970287, "iou_val_refine:": 0.012629665773023258, "iou_train_refine:": 0.016105234622955322, "_runtime": 500.9280550479889, "_step": 76}