{"train_loss": 1.5033554813036552, "train_iou": 0.2549153291262113, "val_loss": 1.4730450890280984, "val_iou": 0.24739433012225412, "train_bbox": 0.2940196692943573, "train_rotation": 0.0796850249171257, "train_z": 0.110624760389328, "train_img_feature": 1.0185579061508179, "val_bbox": 0.28014394640922546, "val_rotation": 0.07504241168498993, "val_z": 0.11109272390604019, "val_img_feature": 1.0072340965270996, "lr": 7.488e-05, "_timestamp": 1709128563.9411602, "iou_val_1000": 3.2175789612474337e-07, "iou_train_1000": 2.177876154974001e-07, "iou_val_refine:": 0.11443451250141318, "iou_train_refine:": 0.09754230082035065, "_runtime": 238.98524928092957, "_step": 35}