{"train_loss": 0.4477808080040492, "train_iou": 0.11051008570939302, "val_loss": 0.4391847442496907, "val_iou": 0.119299900802699, "train_bbox": 0.23730482161045074, "train_rotation": 0.1908598691225052, "train_z": 0.019185252487659454, "val_bbox": 0.23714320361614227, "val_rotation": 0.18285627663135529, "val_z": 0.019616112112998962, "lr": 8.32e-06, "_timestamp": 1709020950.238145, "iou_val_1000": 1.0673883159126823e-11, "iou_train_1000": 1.2418813373493709e-11, "iou_val_refine:": 0.02174274360930378, "iou_train_refine:": 0.024811672046780586, "_runtime": 44.551584005355835, "_step": 3, "_wandb": {"runtime": 49}}