{"train_loss": 0.584090300477468, "train_iou": 0.2415737468176163, "val_loss": 0.5909116457809102, "val_iou": 0.2505981420928782, "train_bbox": 0.33347493410110474, "train_rotation": 0.12444497644901276, "train_z": 0.14006075263023376, "train_img_feature": 0.0, "val_bbox": 0.3396099805831909, "val_rotation": 0.1112409234046936, "val_z": 0.12617048621177673, "val_img_feature": 0.0, "lr": 2.288e-05, "_timestamp": 1709131609.1883783, "iou_val_1000": 2.4378111350925096e-11, "iou_train_1000": 2.4930853822352494e-12, "iou_val_refine:": 0.0703702609647404, "iou_train_refine:": 0.09160550683736801, "_runtime": 104.96582531929016, "_step": 10}