{"train_loss": 0.21591073575501257, "train_iou": 0.2695502078590485, "val_loss": 2.202718203718012, "val_iou": 0.13451938331127167, "train_bbox": 0.02510194666683674, "train_rotation": 0.0047189961187541485, "train_z": 0.6922714710235596, "train_img_feature": 0.17654699087142944, "val_bbox": 0.8915354609489441, "val_rotation": 0.4386703372001648, "val_z": 0.009542829357087612, "val_img_feature": 0.1802409440279007, "lr": 2.101450104968161e-06, "_timestamp": 1709074989.1589181, "iou_val_1000": 0.10519558462229642, "iou_train_1000": 0.6909810900688171, "iou_val_refine:": 0.10710736499591307, "iou_train_refine:": 0.7055386304855347, "_runtime": 18160.609054088593, "_step": 3633, "_wandb": {"runtime": 18176}}