{"train_loss": 0.32426636522779095, "train_iou": 0.125949853243163, "val_loss": 0.32378061522137036, "val_iou": 0.11517941409891302, "train_bbox": 0.17173810303211212, "train_rotation": 0.030901001766324043, "train_z": 0.0242258720099926, "train_img_feature": 0.09717864543199539, "val_bbox": 0.1682167798280716, "val_rotation": 0.02562817744910717, "val_z": 0.024448618292808533, "val_img_feature": 0.10570979118347168, "lr": 6.032e-05, "_timestamp": 1709131116.6811302, "iou_val_1000": 0.0452374318106608, "iou_train_1000": 0.0459168516099453, "iou_val_refine:": 0.04524224183776162, "iou_train_refine:": 0.046048808842897415, "_runtime": 150.31270027160645, "_step": 28}